{"cameraMode":{"drawMode":0,"name":"Shaded","section":"Shading Mode"},"sceneLighting":false,"audioPlay":false,"sceneViewState":{"showFog":true,"showMaterialUpdate":false,"showSkybox":true,"showFlares":true,"showImageEffects":true,"showParticleSystems":true},"in2DMode":false,"pivot":{"x":-2.1378002166748049,"y":12.236149787902832,"z":9.508163452148438},"rotation":{"x":0.0005515906377695501,"y":0.9798588156700134,"z":-0.0027146115899086,"w":0.19967249035835267},"size":17.844493865966798,"orthographic":false}