{"cameraMode":{"drawMode":0,"name":"Shaded","section":"Shading Mode"},"sceneLighting":false,"audioPlay":false,"sceneViewState":{"showFog":true,"showMaterialUpdate":false,"showSkybox":true,"showFlares":true,"showImageEffects":true,"showParticleSystems":true},"in2DMode":false,"pivot":{"x":2.223942756652832,"y":9.27970027923584,"z":13.923377990722657},"rotation":{"x":0.0748128890991211,"y":0.8992485404014587,"z":-0.16984082758426667,"w":0.3961176872253418},"size":18.526023864746095,"orthographic":false}