{"cameraMode":{"drawMode":0,"name":"Shaded","section":"Shading Mode"},"sceneLighting":false,"audioPlay":false,"sceneViewState":{"showFog":true,"showMaterialUpdate":false,"showSkybox":false,"showFlares":true,"showImageEffects":true,"showParticleSystems":true},"in2DMode":false,"pivot":{"x":-79.70621490478516,"y":28.210420608520509,"z":-19.96314811706543},"rotation":{"x":0.10308241099119187,"y":0.8396324515342712,"z":-0.1713961809873581,"w":0.5049898624420166},"size":1.3578839302062989,"orthographic":false}